Линия метро, Линия метро, Станция отправления, Станция прибытия, Время проезда в метро, Схема метро, Расстояние, Ссылка на маршрут на карте
Сокольническая линия, Сокольническая линия, Черкизовская, Преображенская площадь, 145, http://metro.yandex.ru/moscow?from=2&to=3&route=0, 2.261341, http://www.yournavigation.org/?flat=55.802988flon=37.744819&tlat=55.796167&tlon=37.715022&v=foot&shortest=1&layer=mapnik
Сокольническая линия, Сокольническая линия, Преображенская площадь, Сокольники, 200, http://metro.yandex.ru/moscow?from=3&to=4&route=0, 2.552784, http://www.yournavigation.org/?flat=55.796167flon=37.715022&tlat=55.789198&tlon=37.679700&v=foot&shortest=1&layer=mapnik
Сокольническая линия, Сокольническая линия, Сокольники, Красносельская, 135, http://metro.yandex.ru/moscow?from=4&to=5&route=0, 1.479296, http://www.yournavigation.org/?flat=55.789198flon=37.679700&tlat=55.779849&tlon=37.666072&v=foot&shortest=1&layer=mapnik
Сокольническая линия, Сокольническая линия, Красносельская, Комсомольская, 115, http://metro.yandex.ru/moscow?from=5&to=6&route=0, 1.067503, http://www.yournavigation.org/?flat=55.779849flon=37.666072&tlat=55.774072&tlon=37.654565&v=foot&shortest=1&layer=mapnik
Сокольническая линия, Сокольническая линия, Комсомольская, Красные ворота, 110, http://metro.yandex.ru/moscow?from=6&to=7&route=0, 0.781895, http://www.yournavigation.org/?flat=55.774072flon=37.654565&tlat=55.768795&tlon=37.648888&v=foot&shortest=1&layer=mapnik
Сокольническая линия, Кольцевая линия, Комсомольская, Комсомольская, 360, http://metro.yandex.ru/moscow?from=6&to=77&route=0, 0.023971, http://www.yournavigation.org/?flat=55.774072flon=37.654565&tlat=55.774072&tlon=37.654565&v=foot&shortest=1&layer=mapnik
Сокольническая линия, Сокольническая линия, Красные ворота, Чистые пруды, 100, http://metro.yandex.ru/moscow?from=7&to=8&route=0, 1.041215, http://www.yournavigation.org/?flat=55.768795flon=37.648888&tlat=55.764794&tlon=37.638683&v=foot&shortest=1&layer=mapnik
Сокольническая линия, Сокольническая линия, Чистые пруды, Лубянка, 115, http://metro.yandex.ru/moscow?from=8&to=9&route=0, 1.102519, http://www.yournavigation.org/?flat=55.764794flon=37.638683&tlat=55.759162&tlon=37.627346&v=foot&shortest=1&layer=mapnik
Сокольническая линия, Калужско-Рижская линия, Чистые пруды, Тургеневская, 180, http://metro.yandex.ru/moscow?from=8&to=92&route=0, 0.168925, http://www.yournavigation.org/?flat=55.764794flon=37.638683&tlat=55.765276&tlon=37.636742&v=foot&shortest=1&layer=mapnik
Сокольническая линия, Люблинская линия, Чистые пруды, Сретенский бульвар, 180, http://metro.yandex.ru/moscow?from=8&to=159&route=0, 0.252101, http://www.yournavigation.org/?flat=55.764794flon=37.638683&tlat=55.766299&tlon=37.636374&v=foot&shortest=1&layer=mapnik
Сокольническая линия, Сокольническая линия, Лубянка, Охотный ряд, 100, http://metro.yandex.ru/moscow?from=9&to=10&route=0, 0.921589, http://www.yournavigation.org/?flat=55.759162flon=37.627346&tlat=55.756523&tlon=37.615327&v=foot&shortest=1&layer=mapnik
Сокольническая линия, Таганско-Краснопресненская линия, Лубянка, Кузнецкий мост, 180, http://metro.yandex.ru/moscow?from=9&to=117&route=0, 0.510161, http://www.yournavigation.org/?flat=55.759162flon=37.627346&tlat=55.761502&tlon=37.624525&v=foot&shortest=1&layer=mapnik
Сокольническая линия, Сокольническая линия, Охотный ряд, Библиотека имени Ленина, 105, http://metro.yandex.ru/moscow?from=10&to=11&route=0, 0.596455, http://www.yournavigation.org/?flat=55.756523flon=37.615327&tlat=55.752501&tlon=37.611482&v=foot&shortest=1&layer=mapnik
Сокольническая линия, Замоскворецкая линия, Охотный ряд, Театральная, 300, http://metro.yandex.ru/moscow?from=10&to=29&route=0, 0.458192, http://www.yournavigation.org/?flat=55.756523flon=37.615327&tlat=55.758808&tlon=37.617734&v=foot&shortest=1&layer=mapnik
Сокольническая линия, Сокольническая линия, Библиотека имени Ленина, Кропоткинская, 115, http://metro.yandex.ru/moscow?from=11&to=12&route=0, 1.184358, http://www.yournavigation.org/?flat=55.752501flon=37.611482&tlat=55.745068&tlon=37.603487&v=foot&shortest=1&layer=mapnik
Сокольническая линия, Арбатско-Покровская линия, Библиотека имени Ленина, Арбатская, 300, http://metro.yandex.ru/moscow?from=11&to=49&route=0, 0.909436, http://www.yournavigation.org/?flat=55.752501flon=37.611482&tlat=55.752131&tlon=37.601519&v=foot&shortest=1&layer=mapnik
Сокольническая линия, Филевская линия, Библиотека имени Ленина, Александровский сад, 180, http://metro.yandex.ru/moscow?from=11&to=68&route=0, 0.305327, http://www.yournavigation.org/?flat=55.752501flon=37.611482&tlat=55.752075&tlon=37.609308&v=foot&shortest=1&layer=mapnik
Сокольническая линия, Серпуховско-Тимирязевская линия, Библиотека имени Ленина, Боровицкая, 360, http://metro.yandex.ru/moscow?from=11&to=144&route=0, 0.412038, http://www.yournavigation.org/?flat=55.752501flon=37.611482&tlat=55.750454&tlon=37.609254&v=foot&shortest=1&layer=mapnik
Сокольническая линия, Сокольническая линия, Кропоткинская, Парк культуры, 130, http://metro.yandex.ru/moscow?from=12&to=13&route=0, 1.358096, http://www.yournavigation.org/?flat=55.745068flon=37.603487&tlat=55.736077&tlon=37.595061&v=foot&shortest=1&layer=mapnik
Сокольническая линия, Сокольническая линия, Парк культуры, Фрунзенская, 150, http://metro.yandex.ru/moscow?from=13&to=14&route=0, 1.638642, http://www.yournavigation.org/?flat=55.736077flon=37.595061&tlat=55.727232&tlon=37.580328&v=foot&shortest=1&layer=mapnik
Сокольническая линия, Кольцевая линия, Парк культуры, Парк культуры, 300, http://metro.yandex.ru/moscow?from=13&to=71&route=0, 0.007105, http://www.yournavigation.org/?flat=55.736077flon=37.595061&tlat=55.736077&tlon=37.595061&v=foot&shortest=1&layer=mapnik
Сокольническая линия, Сокольническая линия, Фрунзенская, Спортивная, 95, http://metro.yandex.ru/moscow?from=14&to=15&route=0, 1.694297, http://www.yournavigation.org/?flat=55.727232flon=37.580328&tlat=55.722761&tlon=37.562227&v=foot&shortest=1&layer=mapnik
Сокольническая линия, Сокольническая линия, Спортивная, Воробьёвы горы, 185, http://metro.yandex.ru/moscow?from=15&to=16&route=0, 1.838454, http://www.yournavigation.org/?flat=55.722761flon=37.562227&tlat=55.710438&tlon=37.559317&v=foot&shortest=1&layer=mapnik
Сокольническая линия, Сокольническая линия, Воробьёвы горы, Университет, 225, http://metro.yandex.ru/moscow?from=16&to=17&route=0, 3.130656, http://www.yournavigation.org/?flat=55.710438flon=37.559317&tlat=55.692440&tlon=37.534532&v=foot&shortest=1&layer=mapnik
Сокольническая линия, Сокольническая линия, Университет, Проспект Вернадского, 180, http://metro.yandex.ru/moscow?from=17&to=18&route=0, 2.54146, http://www.yournavigation.org/?flat=55.692440flon=37.534532&tlat=55.676910&tlon=37.505831&v=foot&shortest=1&layer=mapnik
Сокольническая линия, Сокольническая линия, Проспект Вернадского, Юго-Западная, 170, http://metro.yandex.ru/moscow?from=18&to=19&route=0, 2.299849, http://www.yournavigation.org/?flat=55.676910flon=37.505831&tlat=55.663146&tlon=37.482852&v=foot&shortest=1&layer=mapnik
Замоскворецкая линия, Замоскворецкая линия, Речной вокзал, Водный стадион, 155, http://metro.yandex.ru/moscow?from=20&to=21&route=0, 1.81688, http://www.yournavigation.org/?flat=55.854891flon=37.476231&tlat=55.840209&tlon=37.486616&v=foot&shortest=1&layer=mapnik
Замоскворецкая линия, Замоскворецкая линия, Водный стадион, Войковская, 190, http://metro.yandex.ru/moscow?from=21&to=22&route=0, 4.294278, http://www.yournavigation.org/?flat=55.840209flon=37.486616&tlat=55.818923&tlon=37.497791&v=foot&shortest=1&layer=mapnik
Замоскворецкая линия, Замоскворецкая линия, Войковская, Сокол, 175, http://metro.yandex.ru/moscow?from=22&to=23&route=0, 2.509615, http://www.yournavigation.org/?flat=55.818923flon=37.497791&tlat=55.805042&tlon=37.514787&v=foot&shortest=1&layer=mapnik
Замоскворецкая линия, Замоскворецкая линия, Сокол, Аэропорт, 130, http://metro.yandex.ru/moscow?from=23&to=24&route=0, 1.379916, http://www.yournavigation.org/?flat=55.805042flon=37.514787&tlat=55.800261&tlon=37.532870&v=foot&shortest=1&layer=mapnik
Замоскворецкая линия, Замоскворецкая линия, Аэропорт, Динамо, 170, http://metro.yandex.ru/moscow?from=24&to=25&route=0, 2.15093, http://www.yournavigation.org/?flat=55.800261flon=37.532870&tlat=55.789704&tlon=37.558212&v=foot&shortest=1&layer=mapnik
Замоскворецкая линия, Замоскворецкая линия, Динамо, Белорусская, 185, http://metro.yandex.ru/moscow?from=25&to=26&route=0, 2.567846, http://www.yournavigation.org/?flat=55.789704flon=37.558212&tlat=55.777170&tlon=37.586194&v=foot&shortest=1&layer=mapnik
Замоскворецкая линия, Замоскворецкая линия, Белорусская, Маяковская, 115, http://metro.yandex.ru/moscow?from=26&to=27&route=0, 1.172485, http://www.yournavigation.org/?flat=55.777170flon=37.586194&tlat=55.769808&tlon=37.596192&v=foot&shortest=1&layer=mapnik
Замоскворецкая линия, Кольцевая линия, Белорусская, Белорусская, 180, http://metro.yandex.ru/moscow?from=26&to=80&route=0, 0.059425, http://www.yournavigation.org/?flat=55.777170flon=37.586194&tlat=55.777170&tlon=37.586194&v=foot&shortest=1&layer=mapnik
Замоскворецкая линия, Замоскворецкая линия, Маяковская, Тверская, 105, http://metro.yandex.ru/moscow?from=27&to=28&route=0, 0.900618, http://www.yournavigation.org/?flat=55.769808flon=37.596192&tlat=55.764455&tlon=37.605939&v=foot&shortest=1&layer=mapnik
Замоскворецкая линия, Замоскворецкая линия, Тверская, Театральная, 105, http://metro.yandex.ru/moscow?from=28&to=29&route=0, 1.269789, http://www.yournavigation.org/?flat=55.764455flon=37.605939&tlat=55.758808&tlon=37.617734&v=foot&shortest=1&layer=mapnik
Замоскворецкая линия, Таганско-Краснопресненская линия, Тверская, Пушкинская, 180, http://metro.yandex.ru/moscow?from=28&to=116&route=0, 0.210906, http://www.yournavigation.org/?flat=55.764455flon=37.605939&tlat=55.765747&tlon=37.603900&v=foot&shortest=1&layer=mapnik
Замоскворецкая линия, Серпуховско-Тимирязевская линия, Тверская, Чеховская, 240, http://metro.yandex.ru/moscow?from=28&to=143&route=0, 0.265412, http://www.yournavigation.org/?flat=55.764455flon=37.605939&tlat=55.765843&tlon=37.608167&v=foot&shortest=1&layer=mapnik
Замоскворецкая линия, Замоскворецкая линия, Театральная, Новокузнецкая, 165, http://metro.yandex.ru/moscow?from=29&to=30&route=0, 2.542024, http://www.yournavigation.org/?flat=55.758808flon=37.617734&tlat=55.742276&tlon=37.629125&v=foot&shortest=1&layer=mapnik
Замоскворецкая линия, Арбатско-Покровская линия, Театральная, Площадь Революции, 240, http://metro.yandex.ru/moscow?from=29&to=48&route=0, 0.414825, http://www.yournavigation.org/?flat=55.758808flon=37.617734&tlat=55.756726&tlon=37.622280&v=foot&shortest=1&layer=mapnik
Замоскворецкая линия, Замоскворецкая линия, Новокузнецкая, Павелецкая, 140, http://metro.yandex.ru/moscow?from=30&to=31&route=0, 1.662883, http://www.yournavigation.org/?flat=55.742276flon=37.629125&tlat=55.729787&tlon=37.638961&v=foot&shortest=1&layer=mapnik
Замоскворецкая линия, Калужско-Рижская линия, Новокузнецкая, Третьяковская, 180, http://metro.yandex.ru/moscow?from=30&to=94&route=0, 0.420291, http://www.yournavigation.org/?flat=55.742276flon=37.629125&tlat=55.740319&tlon=37.625981&v=foot&shortest=1&layer=mapnik
Замоскворецкая линия, Калининская линия, Новокузнецкая, Третьяковская, 180, http://metro.yandex.ru/moscow?from=30&to=132&route=0, 0.420291, http://www.yournavigation.org/?flat=55.742276flon=37.629125&tlat=55.740319&tlon=37.625981&v=foot&shortest=1&layer=mapnik
Замоскворецкая линия, Замоскворецкая линия, Павелецкая, Автозаводская, 205, http://metro.yandex.ru/moscow?from=31&to=32&route=0, 4.19064, http://www.yournavigation.org/?flat=55.729787flon=37.638961&tlat=55.706634&tlon=37.657008&v=foot&shortest=1&layer=mapnik
Замоскворецкая линия, Кольцевая линия, Павелецкая, Павелецкая, 240, http://metro.yandex.ru/moscow?from=31&to=74&route=0, 0.043161, http://www.yournavigation.org/?flat=55.729787flon=37.638961&tlat=55.729787&tlon=37.638961&v=foot&shortest=1&layer=mapnik
Замоскворецкая линия, Замоскворецкая линия, Автозаводская, Коломенская, 275, http://metro.yandex.ru/moscow?from=32&to=33&route=0, 4.077253, http://www.yournavigation.org/?flat=55.706634flon=37.657008&tlat=55.677423&tlon=37.663719&v=foot&shortest=1&layer=mapnik
Замоскворецкая линия, Замоскворецкая линия, Коломенская, Каширская, 230, http://metro.yandex.ru/moscow?from=33&to=34&route=0, 2.922088, http://www.yournavigation.org/?flat=55.677423flon=37.663719&tlat=55.654681&tlon=37.648205&v=foot&shortest=1&layer=mapnik
Замоскворецкая линия, Замоскворецкая линия, Каширская, Кантемировская, 205, http://metro.yandex.ru/moscow?from=34&to=35&route=0, 2.51226, http://www.yournavigation.org/?flat=55.654681flon=37.648205&tlat=55.636107&tlon=37.656218&v=foot&shortest=1&layer=mapnik
Замоскворецкая линия, Каховская линия, Каширская, Каширская, 120, http://metro.yandex.ru/moscow?from=34&to=170&route=0, 0.019939, http://www.yournavigation.org/?flat=55.654681flon=37.648205&tlat=55.654681&tlon=37.648205&v=foot&shortest=1&layer=mapnik
Замоскворецкая линия, Замоскворецкая линия, Кантемировская, Царицыно, 145, http://metro.yandex.ru/moscow?from=35&to=36&route=0, 2.232426, http://www.yournavigation.org/?flat=55.636107flon=37.656218&tlat=55.620982&tlon=37.669612&v=foot&shortest=1&layer=mapnik
Замоскворецкая линия, Замоскворецкая линия, Царицыно, Орехово, 165, http://metro.yandex.ru/moscow?from=36&to=37&route=0, 2.40629, http://www.yournavigation.org/?flat=55.620982flon=37.669612&tlat=55.612690&tlon=37.695214&v=foot&shortest=1&layer=mapnik
Замоскворецкая линия, Замоскворецкая линия, Орехово, Домодедовская, 145, http://metro.yandex.ru/moscow?from=37&to=38&route=0, 1.875964, http://www.yournavigation.org/?flat=55.612690flon=37.695214&tlat=55.610697&tlon=37.717905&v=foot&shortest=1&layer=mapnik
Замоскворецкая линия, Замоскворецкая линия, Домодедовская, Красногвардейская, 150, http://metro.yandex.ru/moscow?from=38&to=39&route=0, 2.070937, http://www.yournavigation.org/?flat=55.610697flon=37.717905&tlat=55.613717&tlon=37.746355&v=foot&shortest=1&layer=mapnik
Замоскворецкая линия, Люблинская линия, Красногвардейская, Зябликово, 150, http://metro.yandex.ru/moscow?from=39&to=185&route=0, 0.279103, http://www.yournavigation.org/?flat=55.613717flon=37.746355&tlat=55.612329&tlon=37.745205&v=foot&shortest=1&layer=mapnik
Замоскворецкая линия, Замоскворецкая линия, Красногвардейская, Алма-Атинская, 250, http://metro.yandex.ru/moscow?from=39&to=187&route=0, 3.457824, http://www.yournavigation.org/?flat=55.613717flon=37.746355&tlat=55.633490&tlon=37.765678&v=foot&shortest=1&layer=mapnik
Арбатско-Покровская линия, Арбатско-Покровская линия, Щёлковская, Первомайская, 135, http://metro.yandex.ru/moscow?from=40&to=41&route=0, 1.844422, http://www.yournavigation.org/?flat=55.810228flon=37.798556&tlat=55.794376&tlon=37.799364&v=foot&shortest=1&layer=mapnik
Арбатско-Покровская линия, Арбатско-Покровская линия, Первомайская, Измайловская, 170, http://metro.yandex.ru/moscow?from=41&to=42&route=0, 1.891647, http://www.yournavigation.org/?flat=55.794376flon=37.799364&tlat=55.787746&tlon=37.781389&v=foot&shortest=1&layer=mapnik
Арбатско-Покровская линия, Арбатско-Покровская линия, Измайловская, Партизанская, 190, http://metro.yandex.ru/moscow?from=42&to=43&route=0, 2.267157, http://www.yournavigation.org/?flat=55.787746flon=37.781389&tlat=55.788424&tlon=37.749265&v=foot&shortest=1&layer=mapnik
Арбатско-Покровская линия, Арбатско-Покровская линия, Партизанская, Семёновская, 165, http://metro.yandex.ru/moscow?from=43&to=44&route=0, 2.351896, http://www.yournavigation.org/?flat=55.788424flon=37.749265&tlat=55.783195&tlon=37.719423&v=foot&shortest=1&layer=mapnik
Арбатско-Покровская линия, Арбатско-Покровская линия, Семёновская, Электрозаводская, 110, http://metro.yandex.ru/moscow?from=44&to=45&route=0, 1.138428, http://www.yournavigation.org/?flat=55.783195flon=37.719423&tlat=55.782066&tlon=37.705284&v=foot&shortest=1&layer=mapnik
Арбатско-Покровская линия, Арбатско-Покровская линия, Электрозаводская, Бауманская, 145, http://metro.yandex.ru/moscow?from=45&to=46&route=0, 2.439717, http://www.yournavigation.org/?flat=55.782066flon=37.705284&tlat=55.772406&tlon=37.679035&v=foot&shortest=1&layer=mapnik
Арбатско-Покровская линия, Арбатско-Покровская линия, Бауманская, Курская, 175, http://metro.yandex.ru/moscow?from=46&to=47&route=0, 2.445974, http://www.yournavigation.org/?flat=55.772406flon=37.679035&tlat=55.758640&tlon=37.659155&v=foot&shortest=1&layer=mapnik
Арбатско-Покровская линия, Арбатско-Покровская линия, Курская, Площадь Революции, 185, http://metro.yandex.ru/moscow?from=47&to=48&route=0, 2.341682, http://www.yournavigation.org/?flat=55.758640flon=37.659155&tlat=55.756726&tlon=37.622280&v=foot&shortest=1&layer=mapnik
Арбатско-Покровская линия, Кольцевая линия, Курская, Курская, 240, http://metro.yandex.ru/moscow?from=47&to=76&route=0, 0.025462, http://www.yournavigation.org/?flat=55.758640flon=37.659155&tlat=55.758640&tlon=37.659155&v=foot&shortest=1&layer=mapnik
Арбатско-Покровская линия, Люблинская линия, Курская, Чкаловская, 180, http://metro.yandex.ru/moscow?from=47&to=160&route=0, 0.444862, http://www.yournavigation.org/?flat=55.758640flon=37.659155&tlat=55.755930&tlon=37.659263&v=foot&shortest=1&layer=mapnik
Арбатско-Покровская линия, Арбатско-Покровская линия, Площадь Революции, Арбатская, 125, http://metro.yandex.ru/moscow?from=48&to=49&route=0, 1.82044, http://www.yournavigation.org/?flat=55.756726flon=37.622280&tlat=55.752131&tlon=37.601519&v=foot&shortest=1&layer=mapnik
Арбатско-Покровская линия, Арбатско-Покровская линия, Арбатская, Смоленская, 140, http://metro.yandex.ru/moscow?from=49&to=50&route=0, 1.63156, http://www.yournavigation.org/?flat=55.752131flon=37.601519&tlat=55.747642&tlon=37.583841&v=foot&shortest=1&layer=mapnik
Арбатско-Покровская линия, Филевская линия, Арбатская, Александровский сад, 180, http://metro.yandex.ru/moscow?from=49&to=68&route=0, 0.85576, http://www.yournavigation.org/?flat=55.752131flon=37.601519&tlat=55.752075&tlon=37.609308&v=foot&shortest=1&layer=mapnik
Арбатско-Покровская линия, Серпуховско-Тимирязевская линия, Арбатская, Боровицкая, 180, http://metro.yandex.ru/moscow?from=49&to=144&route=0, 1.006164, http://www.yournavigation.org/?flat=55.752131flon=37.601519&tlat=55.750454&tlon=37.609254&v=foot&shortest=1&layer=mapnik
Арбатско-Покровская линия, Арбатско-Покровская линия, Смоленская, Киевская, 105, http://metro.yandex.ru/moscow?from=50&to=51&route=0, 1.895836, http://www.yournavigation.org/?flat=55.747642flon=37.583841&tlat=55.743117&tlon=37.564132&v=foot&shortest=1&layer=mapnik
Арбатско-Покровская линия, Арбатско-Покровская линия, Киевская, Парк Победы, 270, http://metro.yandex.ru/moscow?from=51&to=52&route=0, 4.021199, http://www.yournavigation.org/?flat=55.743117flon=37.564132&tlat=55.736164&tlon=37.516925&v=foot&shortest=1&layer=mapnik
Арбатско-Покровская линия, Филевская линия, Киевская, Киевская, 240, http://metro.yandex.ru/moscow?from=51&to=65&route=0, 0.013493, http://www.yournavigation.org/?flat=55.743117flon=37.564132&tlat=55.743117&tlon=37.564132&v=foot&shortest=1&layer=mapnik
Арбатско-Покровская линия, Кольцевая линия, Киевская, Киевская, 180, http://metro.yandex.ru/moscow?from=51&to=82&route=0, 0.013493, http://www.yournavigation.org/?flat=55.743117flon=37.564132&tlat=55.743117&tlon=37.564132&v=foot&shortest=1&layer=mapnik
Арбатско-Покровская линия, Арбатско-Покровская линия, Парк Победы, Славянский бульвар, 260, http://metro.yandex.ru/moscow?from=52&to=53&route=0, 3.805016, http://www.yournavigation.org/?flat=55.736164flon=37.516925&tlat=55.729828&tlon=37.472171&v=foot&shortest=1&layer=mapnik
Арбатско-Покровская линия, Калининская линия, Парк Победы, Парк Победы, 120, http://metro.yandex.ru/moscow?from=52&to=194&route=0, 0.489374, http://www.yournavigation.org/?flat=55.736164flon=37.516925&tlat=55.73714&tlon=37.51994&v=foot&shortest=1&layer=mapnik
Арбатско-Покровская линия, Арбатско-Покровская линия, Славянский бульвар, Кунцевская, 170, http://metro.yandex.ru/moscow?from=53&to=54&route=0, 2.360227, http://www.yournavigation.org/?flat=55.729828flon=37.472171&tlat=55.730877&tlon=37.446874&v=foot&shortest=1&layer=mapnik
Арбатско-Покровская линия, Арбатско-Покровская линия, Кунцевская, Молодёжная, 180, http://metro.yandex.ru/moscow?from=54&to=55&route=0, 2.497786, http://www.yournavigation.org/?flat=55.730877flon=37.446874&tlat=55.741004&tlon=37.416386&v=foot&shortest=1&layer=mapnik
Арбатско-Покровская линия, Филевская линия, Кунцевская, Кунцевская, 180, http://metro.yandex.ru/moscow?from=54&to=58&route=0, 0.074234, http://www.yournavigation.org/?flat=55.730877flon=37.446874&tlat=55.730877&tlon=37.446874&v=foot&shortest=1&layer=mapnik
Арбатско-Покровская линия, Арбатско-Покровская линия, Молодёжная, Крылатское, 195, http://metro.yandex.ru/moscow?from=55&to=56&route=0, 2.282769, http://www.yournavigation.org/?flat=55.741004flon=37.416386&tlat=55.756842&tlon=37.408139&v=foot&shortest=1&layer=mapnik
Арбатско-Покровская линия, Арбатско-Покровская линия, Крылатское, Строгино, 535, http://metro.yandex.ru/moscow?from=56&to=57&route=0, 7.995124, http://www.yournavigation.org/?flat=55.756842flon=37.408139&tlat=55.803691&tlon=37.403118&v=foot&shortest=1&layer=mapnik
Арбатско-Покровская линия, Арбатско-Покровская линия, Строгино, Мякинино, 205, http://metro.yandex.ru/moscow?from=57&to=178&route=0, 3.413564, http://www.yournavigation.org/?flat=55.803691flon=37.403118&tlat=55.823990&tlon=37.384747&v=foot&shortest=1&layer=mapnik
Филевская линия, Филевская линия, Кунцевская, Пионерская, 130, http://metro.yandex.ru/moscow?from=58&to=59&route=0, 1.501415, http://www.yournavigation.org/?flat=55.730877flon=37.446874&tlat=55.735986&tlon=37.467078&v=foot&shortest=1&layer=mapnik
Филевская линия, Филевская линия, Пионерская, Филёвский парк, 115, http://metro.yandex.ru/moscow?from=59&to=60&route=0, 1.263714, http://www.yournavigation.org/?flat=55.735986flon=37.467078&tlat=55.739519&tlon=37.483328&v=foot&shortest=1&layer=mapnik
Филевская линия, Филевская линия, Филёвский парк, Багратионовская, 115, http://metro.yandex.ru/moscow?from=60&to=61&route=0, 1.22927, http://www.yournavigation.org/?flat=55.739519flon=37.483328&tlat=55.743801&tlon=37.497863&v=foot&shortest=1&layer=mapnik
Филевская линия, Филевская линия, Багратионовская, Фили, 140, http://metro.yandex.ru/moscow?from=61&to=62&route=0, 1.515391, http://www.yournavigation.org/?flat=55.743801flon=37.497863&tlat=55.745970&tlon=37.514949&v=foot&shortest=1&layer=mapnik
Филевская линия, Филевская линия, Фили, Кутузовская, 145, http://metro.yandex.ru/moscow?from=62&to=63&route=0, 2.286527, http://www.yournavigation.org/?flat=55.745970flon=37.514949&tlat=55.740178&tlon=37.534236&v=foot&shortest=1&layer=mapnik
Филевская линия, Филевская линия, Кутузовская, Студенческая, 120, http://metro.yandex.ru/moscow?from=63&to=64&route=0, 1.165438, http://www.yournavigation.org/?flat=55.740178flon=37.534236&tlat=55.738784&tlon=37.548375&v=foot&shortest=1&layer=mapnik
Филевская линия, Филевская линия, Студенческая, Киевская, 140, http://metro.yandex.ru/moscow?from=64&to=65&route=0, 1.20782, http://www.yournavigation.org/?flat=55.738784flon=37.548375&tlat=55.743117&tlon=37.564132&v=foot&shortest=1&layer=mapnik
Филевская линия, Филевская линия, Киевская, Смоленская, 130, http://metro.yandex.ru/moscow?from=65&to=66&route=0, 1.883576, http://www.yournavigation.org/?flat=55.743117flon=37.564132&tlat=55.747642&tlon=37.583841&v=foot&shortest=1&layer=mapnik
Филевская линия, Филевская линия, Киевская, Выставочная, 395, http://metro.yandex.ru/moscow?from=65&to=69&route=0, 2.25753, http://www.yournavigation.org/?flat=55.743117flon=37.564132&tlat=55.749547&tlon=37.543021&v=foot&shortest=1&layer=mapnik
Филевская линия, Кольцевая линия, Киевская, Киевская, 360, http://metro.yandex.ru/moscow?from=65&to=82&route=0, 0.013493, http://www.yournavigation.org/?flat=55.743117flon=37.564132&tlat=55.743117&tlon=37.564132&v=foot&shortest=1&layer=mapnik
Филевская линия, Филевская линия, Смоленская, Арбатская, 115, http://metro.yandex.ru/moscow?from=66&to=67&route=0, 1.630847, http://www.yournavigation.org/?flat=55.747642flon=37.583841&tlat=55.752131&tlon=37.601519&v=foot&shortest=1&layer=mapnik
Филевская линия, Филевская линия, Арбатская, Александровский сад, 65, http://metro.yandex.ru/moscow?from=67&to=68&route=0, 0.85576, http://www.yournavigation.org/?flat=55.752131flon=37.601519&tlat=55.752075&tlon=37.609308&v=foot&shortest=1&layer=mapnik
Филевская линия, Филевская линия, Выставочная, Международная, 120, http://metro.yandex.ru/moscow?from=69&to=70&route=0, 1.294624, http://www.yournavigation.org/?flat=55.749547flon=37.543021&tlat=55.748640&tlon=37.533041&v=foot&shortest=1&layer=mapnik
Филевская линия, Калининская линия, Выставочная, Деловой центр, 180, http://metro.yandex.ru/moscow?from=69&to=193&route=0, 0.404885, http://www.yournavigation.org/?flat=55.749547flon=37.543021&tlat=55.74927&tlon=37.54013&v=foot&shortest=1&layer=mapnik
Кольцевая линия, Кольцевая линия, Парк культуры, Октябрьская, 120, http://metro.yandex.ru/moscow?from=71&to=72&route=0, 1.47753, http://www.yournavigation.org/?flat=55.736077flon=37.595061&tlat=55.729255&tlon=37.610979&v=foot&shortest=1&layer=mapnik
Кольцевая линия, Кольцевая линия, Октябрьская, Добрынинская, 105, http://metro.yandex.ru/moscow?from=72&to=73&route=0, 0.967495, http://www.yournavigation.org/?flat=55.729255flon=37.610979&tlat=55.729012&tlon=37.622711&v=foot&shortest=1&layer=mapnik
Кольцевая линия, Калужско-Рижская линия, Октябрьская, Октябрьская, 180, http://metro.yandex.ru/moscow?from=72&to=95&route=0, 0.046812, http://www.yournavigation.org/?flat=55.729255flon=37.610979&tlat=55.729255&tlon=37.610979&v=foot&shortest=1&layer=mapnik
Кольцевая линия, Кольцевая линия, Добрынинская, Павелецкая, 115, http://metro.yandex.ru/moscow?from=73&to=74&route=0, 1.146645, http://www.yournavigation.org/?flat=55.729012flon=37.622711&tlat=55.729787&tlon=37.638961&v=foot&shortest=1&layer=mapnik
Кольцевая линия, Серпуховско-Тимирязевская линия, Добрынинская, Серпуховская, 180, http://metro.yandex.ru/moscow?from=73&to=146&route=0, 0.562239, http://www.yournavigation.org/?flat=55.729012flon=37.622711&tlat=55.726680&tlon=37.625199&v=foot&shortest=1&layer=mapnik
Кольцевая линия, Кольцевая линия, Павелецкая, Таганская, 135, http://metro.yandex.ru/moscow?from=74&to=75&route=0, 2.223593, http://www.yournavigation.org/?flat=55.729787flon=37.638961&tlat=55.742433&tlon=37.653146&v=foot&shortest=1&layer=mapnik
Кольцевая линия, Кольцевая линия, Таганская, Курская, 170, http://metro.yandex.ru/moscow?from=75&to=76&route=0, 2.052696, http://www.yournavigation.org/?flat=55.742433flon=37.653146&tlat=55.758640&tlon=37.659155&v=foot&shortest=1&layer=mapnik
Кольцевая линия, Таганско-Краснопресненская линия, Таганская, Таганская, 180, http://metro.yandex.ru/moscow?from=75&to=119&route=0, 0.026001, http://www.yournavigation.org/?flat=55.742433flon=37.653146&tlat=55.742433&tlon=37.653146&v=foot&shortest=1&layer=mapnik
Кольцевая линия, Калининская линия, Таганская, Марксистская, 180, http://metro.yandex.ru/moscow?from=75&to=131&route=0, 0.361795, http://www.yournavigation.org/?flat=55.742433flon=37.653146&tlat=55.740993&tlon=37.656802&v=foot&shortest=1&layer=mapnik
Кольцевая линия, Кольцевая линия, Курская, Комсомольская, 175, http://metro.yandex.ru/moscow?from=76&to=77&route=0, 2.057477, http://www.yournavigation.org/?flat=55.758640flon=37.659155&tlat=55.774072&tlon=37.654565&v=foot&shortest=1&layer=mapnik
Кольцевая линия, Люблинская линия, Курская, Чкаловская, 360, http://metro.yandex.ru/moscow?from=76&to=160&route=0, 0.444862, http://www.yournavigation.org/?flat=55.758640flon=37.659155&tlat=55.755930&tlon=37.659263&v=foot&shortest=1&layer=mapnik
Кольцевая линия, Кольцевая линия, Комсомольская, Проспект Мира, 160, http://metro.yandex.ru/moscow?from=77&to=78&route=0, 2.125366, http://www.yournavigation.org/?flat=55.774072flon=37.654565&tlat=55.781757&tlon=37.633482&v=foot&shortest=1&layer=mapnik
Кольцевая линия, Кольцевая линия, Проспект Мира, Новослободская, 160, http://metro.yandex.ru/moscow?from=78&to=79&route=0, 2.545091, http://www.yournavigation.org/?flat=55.781757flon=37.633482&tlat=55.779565&tlon=37.601421&v=foot&shortest=1&layer=mapnik
Кольцевая линия, Калужско-Рижская линия, Проспект Мира, Проспект Мира, 180, http://metro.yandex.ru/moscow?from=78&to=90&route=0, 0.022301, http://www.yournavigation.org/?flat=55.781757flon=37.633482&tlat=55.781757&tlon=37.633482&v=foot&shortest=1&layer=mapnik
Кольцевая линия, Кольцевая линия, Новослободская, Белорусская, 135, http://metro.yandex.ru/moscow?from=79&to=80&route=0, 1.335795, http://www.yournavigation.org/?flat=55.779565flon=37.601421&tlat=55.777170&tlon=37.586194&v=foot&shortest=1&layer=mapnik
Кольцевая линия, Серпуховско-Тимирязевская линия, Новослободская, Менделеевская, 180, http://metro.yandex.ru/moscow?from=79&to=141&route=0, 0.480008, http://www.yournavigation.org/?flat=55.779565flon=37.601421&tlat=55.781788&tlon=37.598735&v=foot&shortest=1&layer=mapnik
Кольцевая линия, Кольцевая линия, Белорусская, Краснопресненская, 165, http://metro.yandex.ru/moscow?from=80&to=81&route=0, 2.501816, http://www.yournavigation.org/?flat=55.777170flon=37.586194&tlat=55.760211&tlon=37.577211&v=foot&shortest=1&layer=mapnik
Кольцевая линия, Кольцевая линия, Краснопресненская, Киевская, 160, http://metro.yandex.ru/moscow?from=81&to=82&route=0, 2.718786, http://www.yournavigation.org/?flat=55.760211flon=37.577211&tlat=55.743117&tlon=37.564132&v=foot&shortest=1&layer=mapnik
Кольцевая линия, Таганско-Краснопресненская линия, Краснопресненская, Баррикадная, 180, http://metro.yandex.ru/moscow?from=81&to=115&route=0, 0.274295, http://www.yournavigation.org/?flat=55.760211flon=37.577211&tlat=55.760818&tlon=37.581280&v=foot&shortest=1&layer=mapnik
Кольцевая линия, Кольцевая линия, Киевская, Парк культуры, 175, http://metro.yandex.ru/moscow?from=82&to=71&route=0, 2.486887, http://www.yournavigation.org/?flat=55.743117flon=37.564132&tlat=55.736077&tlon=37.595061&v=foot&shortest=1&layer=mapnik
Калужско-Рижская линия, Калужско-Рижская линия, Медведково, Бабушкинская, 160, http://metro.yandex.ru/moscow?from=83&to=84&route=0, 2.518868, http://www.yournavigation.org/?flat=55.887473flon=37.661527&tlat=55.869794&tlon=37.664581&v=foot&shortest=1&layer=mapnik
Калужско-Рижская линия, Калужско-Рижская линия, Бабушкинская, Свиблово, 140, http://metro.yandex.ru/moscow?from=84&to=85&route=0, 1.957332, http://www.yournavigation.org/?flat=55.869794flon=37.664581&tlat=55.855558&tlon=37.653379&v=foot&shortest=1&layer=mapnik
Калужско-Рижская линия, Калужско-Рижская линия, Свиблово, Ботанический сад, 135, http://metro.yandex.ru/moscow?from=85&to=86&route=0, 1.694547, http://www.yournavigation.org/?flat=55.855558flon=37.653379&tlat=55.844597&tlon=37.637811&v=foot&shortest=1&layer=mapnik
Калужско-Рижская линия, Калужско-Рижская линия, Ботанический сад, ВДНХ, 210, http://metro.yandex.ru/moscow?from=86&to=87&route=0, 3.310587, http://www.yournavigation.org/?flat=55.844597flon=37.637811&tlat=55.821401&tlon=37.641090&v=foot&shortest=1&layer=mapnik
Калужско-Рижская линия, Калужско-Рижская линия, ВДНХ, Алексеевская, 135, http://metro.yandex.ru/moscow?from=87&to=88&route=0, 1.790167, http://www.yournavigation.org/?flat=55.821401flon=37.641090&tlat=55.807800&tlon=37.638737&v=foot&shortest=1&layer=mapnik
Калужско-Рижская линия, Калужско-Рижская линия, Алексеевская, Рижская, 140, http://metro.yandex.ru/moscow?from=88&to=89&route=0, 1.940191, http://www.yournavigation.org/?flat=55.807800flon=37.638737&tlat=55.792513&tlon=37.636123&v=foot&shortest=1&layer=mapnik
Калужско-Рижская линия, Калужско-Рижская линия, Рижская, Проспект Мира, 130, http://metro.yandex.ru/moscow?from=89&to=90&route=0, 1.413617, http://www.yournavigation.org/?flat=55.792513flon=37.636123&tlat=55.781757&tlon=37.633482&v=foot&shortest=1&layer=mapnik
Калужско-Рижская линия, Калужско-Рижская линия, Проспект Мира, Сухаревская, 120, http://metro.yandex.ru/moscow?from=90&to=91&route=0, 1.057145, http://www.yournavigation.org/?flat=55.781757flon=37.633482&tlat=55.772315&tlon=37.632323&v=foot&shortest=1&layer=mapnik
Калужско-Рижская линия, Калужско-Рижская линия, Сухаревская, Тургеневская, 100, http://metro.yandex.ru/moscow?from=91&to=92&route=0, 1.089823, http://www.yournavigation.org/?flat=55.772315flon=37.632323&tlat=55.765276&tlon=37.636742&v=foot&shortest=1&layer=mapnik
Калужско-Рижская линия, Калужско-Рижская линия, Тургеневская, Китай-город, 125, http://metro.yandex.ru/moscow?from=92&to=93&route=0, 1.25196, http://www.yournavigation.org/?flat=55.765276flon=37.636742&tlat=55.756498&tlon=37.631326&v=foot&shortest=1&layer=mapnik
Калужско-Рижская линия, Люблинская линия, Тургеневская, Сретенский бульвар, 180, http://metro.yandex.ru/moscow?from=92&to=159&route=0, 0.17766, http://www.yournavigation.org/?flat=55.765276flon=37.636742&tlat=55.766299&tlon=37.636374&v=foot&shortest=1&layer=mapnik
Калужско-Рижская линия, Калужско-Рижская линия, Китай-город, Третьяковская, 170, http://metro.yandex.ru/moscow?from=93&to=94&route=0, 2.361264, http://www.yournavigation.org/?flat=55.756498flon=37.631326&tlat=55.740319&tlon=37.625981&v=foot&shortest=1&layer=mapnik
Калужско-Рижская линия, Таганско-Краснопресненская линия, Китай-город, Китай-город, 120, http://metro.yandex.ru/moscow?from=93&to=118&route=0, 0.050715, http://www.yournavigation.org/?flat=55.756498flon=37.631326&tlat=55.756498&tlon=37.631326&v=foot&shortest=1&layer=mapnik
Калужско-Рижская линия, Калужско-Рижская линия, Третьяковская, Октябрьская, 155, http://metro.yandex.ru/moscow?from=94&to=95&route=0, 2.042552, http://www.yournavigation.org/?flat=55.740319flon=37.625981&tlat=55.729255&tlon=37.610979&v=foot&shortest=1&layer=mapnik
Калужско-Рижская линия, Калининская линия, Третьяковская, Третьяковская, 120, http://metro.yandex.ru/moscow?from=94&to=132&route=0, 0.016167, http://www.yournavigation.org/?flat=55.740319flon=37.625981&tlat=55.740319&tlon=37.625981&v=foot&shortest=1&layer=mapnik
Калужско-Рижская линия, Калужско-Рижская линия, Октябрьская, Шаболовская, 130, http://metro.yandex.ru/moscow?from=95&to=96&route=0, 1.379962, http://www.yournavigation.org/?flat=55.729255flon=37.610979&tlat=55.718821&tlon=37.607799&v=foot&shortest=1&layer=mapnik
Калужско-Рижская линия, Калужско-Рижская линия, Шаболовская, Ленинский проспект, 190, http://metro.yandex.ru/moscow?from=96&to=97&route=0, 2.423227, http://www.yournavigation.org/?flat=55.718821flon=37.607799&tlat=55.707689&tlon=37.586239&v=foot&shortest=1&layer=mapnik
Калужско-Рижская линия, Калужско-Рижская линия, Ленинский проспект, Академическая, 185, http://metro.yandex.ru/moscow?from=97&to=98&route=0, 2.652557, http://www.yournavigation.org/?flat=55.707689flon=37.586239&tlat=55.687660&tlon=37.573339&v=foot&shortest=1&layer=mapnik
Калужско-Рижская линия, Калужско-Рижская линия, Академическая, Профсоюзная, 120, http://metro.yandex.ru/moscow?from=98&to=99&route=0, 1.39502, http://www.yournavigation.org/?flat=55.687660flon=37.573339&tlat=55.677671&tlon=37.562595&v=foot&shortest=1&layer=mapnik
Калужско-Рижская линия, Калужско-Рижская линия, Профсоюзная, Новые Черёмушки, 100, http://metro.yandex.ru/moscow?from=99&to=100&route=0, 1.031939, http://www.yournavigation.org/?flat=55.677671flon=37.562595&tlat=55.670077&tlon=37.554493&v=foot&shortest=1&layer=mapnik
Калужско-Рижская линия, Калужско-Рижская линия, Новые Черёмушки, Калужская, 140, http://metro.yandex.ru/moscow?from=100&to=101&route=0, 1.788066, http://www.yournavigation.org/?flat=55.670077flon=37.554493&tlat=55.656682&tlon=37.540075&v=foot&shortest=1&layer=mapnik
Калужско-Рижская линия, Калужско-Рижская линия, Калужская, Беляево, 170, http://metro.yandex.ru/moscow?from=101&to=102&route=0, 1.918107, http://www.yournavigation.org/?flat=55.656682flon=37.540075&tlat=55.642357&tlon=37.526115&v=foot&shortest=1&layer=mapnik
Калужско-Рижская линия, Калужско-Рижская линия, Беляево, Коньково, 115, http://metro.yandex.ru/moscow?from=102&to=103&route=0, 1.06209, http://www.yournavigation.org/?flat=55.642357flon=37.526115&tlat=55.633658&tlon=37.520024&v=foot&shortest=1&layer=mapnik
Калужско-Рижская линия, Калужско-Рижская линия, Коньково, Теплый Стан, 150, http://metro.yandex.ru/moscow?from=103&to=104&route=0, 1.965036, http://www.yournavigation.org/?flat=55.633658flon=37.520024&tlat=55.618730&tlon=37.505912&v=foot&shortest=1&layer=mapnik
Калужско-Рижская линия, Калужско-Рижская линия, Теплый Стан, Ясенево, 170, http://metro.yandex.ru/moscow?from=104&to=105&route=0, 2.435338, http://www.yournavigation.org/?flat=55.618730flon=37.505912&tlat=55.606182&tlon=37.533400&v=foot&shortest=1&layer=mapnik
Калужско-Рижская линия, Калужско-Рижская линия, Ясенево, Новоясеневская, 140, http://metro.yandex.ru/moscow?from=105&to=106&route=0, 1.653662, http://www.yournavigation.org/?flat=55.606182flon=37.533400&tlat=55.601655&tlon=37.553046&v=foot&shortest=1&layer=mapnik
Калужско-Рижская линия, Бутовская линия, Новоясеневская, Битцевский парк, 120, http://metro.yandex.ru/moscow?from=106&to=191&route=0, 0.234278, http://www.yournavigation.org/?flat=55.601655flon=37.553046&tlat=55.60029&tlon=37.55562&v=foot&shortest=1&layer=mapnik
Таганско-Краснопресненская линия, Таганско-Краснопресненская линия, Планерная, Сходненская, 110, http://metro.yandex.ru/moscow?from=107&to=108&route=0, 1.199955, http://www.yournavigation.org/?flat=55.860529flon=37.436382&tlat=55.850510&tlon=37.439787&v=foot&shortest=1&layer=mapnik
Таганско-Краснопресненская линия, Таганско-Краснопресненская линия, Сходненская, Тушинская, 175, http://metro.yandex.ru/moscow?from=108&to=109&route=0, 4.029119, http://www.yournavigation.org/?flat=55.850510flon=37.439787&tlat=55.827080&tlon=37.437604&v=foot&shortest=1&layer=mapnik
Таганско-Краснопресненская линия, Таганско-Краснопресненская линия, Тушинская, Спартак, 100, http://metro.yandex.ru/moscow?from=109&to=195&route=0, 1.226283, http://www.yournavigation.org/?flat=55.827080flon=37.437604&tlat=55.81705&tlon=37.43407&v=foot&shortest=1&layer=mapnik
Таганско-Краснопресненская линия, Таганско-Краснопресненская линия, Спартак, Щукинская, 160, http://metro.yandex.ru/moscow?from=195&to=110&route=0, 3.910524, http://www.yournavigation.org/?flat=55.81705flon=37.43407&tlat=55.808827&tlon=37.463772&v=foot&shortest=1&layer=mapnik
Таганско-Краснопресненская линия, Таганско-Краснопресненская линия, Щукинская, Октябрьское поле, 185, http://metro.yandex.ru/moscow?from=110&to=111&route=0, 2.687724, http://www.yournavigation.org/?flat=55.808827flon=37.463772&tlat=55.793581&tlon=37.493317&v=foot&shortest=1&layer=mapnik
Таганско-Краснопресненская линия, Таганско-Краснопресненская линия, Октябрьское поле, Полежаевская, 200, http://metro.yandex.ru/moscow?from=111&to=112&route=0, 3.246479, http://www.yournavigation.org/?flat=55.793581flon=37.493317&tlat=55.777201&tlon=37.517895&v=foot&shortest=1&layer=mapnik
Таганско-Краснопресненская линия, Таганско-Краснопресненская линия, Полежаевская, Беговая, 150, http://metro.yandex.ru/moscow?from=112&to=113&route=0, 1.918502, http://www.yournavigation.org/?flat=55.777201flon=37.517895&tlat=55.773505&tlon=37.545518&v=foot&shortest=1&layer=mapnik
Таганско-Краснопресненская линия, Таганско-Краснопресненская линия, Беговая, Улица 1905 года, 130, http://metro.yandex.ru/moscow?from=113&to=114&route=0, 1.929891, http://www.yournavigation.org/?flat=55.773505flon=37.545518&tlat=55.764273&tlon=37.561419&v=foot&shortest=1&layer=mapnik
Таганско-Краснопресненская линия, Таганско-Краснопресненская линия, Улица 1905 года, Баррикадная, 125, http://metro.yandex.ru/moscow?from=114&to=115&route=0, 1.304867, http://www.yournavigation.org/?flat=55.764273flon=37.561419&tlat=55.760818&tlon=37.581280&v=foot&shortest=1&layer=mapnik
Таганско-Краснопресненская линия, Таганско-Краснопресненская линия, Баррикадная, Пушкинская, 165, http://metro.yandex.ru/moscow?from=115&to=116&route=0, 2.153446, http://www.yournavigation.org/?flat=55.760818flon=37.581280&tlat=55.765747&tlon=37.603900&v=foot&shortest=1&layer=mapnik
Таганско-Краснопресненская линия, Таганско-Краснопресненская линия, Пушкинская, Кузнецкий мост, 120, http://metro.yandex.ru/moscow?from=116&to=117&route=0, 1.877827, http://www.yournavigation.org/?flat=55.765747flon=37.603900&tlat=55.761502&tlon=37.624525&v=foot&shortest=1&layer=mapnik
Таганско-Краснопресненская линия, Серпуховско-Тимирязевская линия, Пушкинская, Чеховская, 240, http://metro.yandex.ru/moscow?from=116&to=143&route=0, 0.373452, http://www.yournavigation.org/?flat=55.765747flon=37.603900&tlat=55.765843&tlon=37.608167&v=foot&shortest=1&layer=mapnik
Таганско-Краснопресненская линия, Таганско-Краснопресненская линия, Кузнецкий мост, Китай-город, 90, http://metro.yandex.ru/moscow?from=117&to=118&route=0, 0.943243, http://www.yournavigation.org/?flat=55.761502flon=37.624525&tlat=55.756498&tlon=37.631326&v=foot&shortest=1&layer=mapnik
Таганско-Краснопресненская линия, Таганско-Краснопресненская линия, Китай-город, Таганская, 170, http://metro.yandex.ru/moscow?from=118&to=119&route=0, 2.571018, http://www.yournavigation.org/?flat=55.756498flon=37.631326&tlat=55.742433&tlon=37.653146&v=foot&shortest=1&layer=mapnik
Таганско-Краснопресненская линия, Таганско-Краснопресненская линия, Таганская, Пролетарская, 145, http://metro.yandex.ru/moscow?from=119&to=120&route=0, 1.777605, http://www.yournavigation.org/?flat=55.742433flon=37.653146&tlat=55.731546&tlon=37.666917&v=foot&shortest=1&layer=mapnik
Таганско-Краснопресненская линия, Калининская линия, Таганская, Марксистская, 240, http://metro.yandex.ru/moscow?from=119&to=131&route=0, 0.361795, http://www.yournavigation.org/?flat=55.742433flon=37.653146&tlat=55.740993&tlon=37.656802&v=foot&shortest=1&layer=mapnik
Таганско-Краснопресненская линия, Таганско-Краснопресненская линия, Пролетарская, Волгоградский проспект, 150, http://metro.yandex.ru/moscow?from=120&to=121&route=0, 2.283985, http://www.yournavigation.org/?flat=55.731546flon=37.666917&tlat=55.724900&tlon=37.687102&v=foot&shortest=1&layer=mapnik
Таганско-Краснопресненская линия, Люблинская линия, Пролетарская, Крестьянская застава, 180, http://metro.yandex.ru/moscow?from=120&to=162&route=0, 0.377574, http://www.yournavigation.org/?flat=55.731546flon=37.666917&tlat=55.732464&tlon=37.664788&v=foot&shortest=1&layer=mapnik
Таганско-Краснопресненская линия, Таганско-Краснопресненская линия, Волгоградский проспект, Текстильщики, 245, http://metro.yandex.ru/moscow?from=121&to=122&route=0, 3.396691, http://www.yournavigation.org/?flat=55.724900flon=37.687102&tlat=55.709211&tlon=37.732117&v=foot&shortest=1&layer=mapnik
Таганско-Краснопресненская линия, Таганско-Краснопресненская линия, Текстильщики, Кузьминки, 185, http://metro.yandex.ru/moscow?from=122&to=123&route=0, 2.263359, http://www.yournavigation.org/?flat=55.709211flon=37.732117&tlat=55.705417&tlon=37.765902&v=foot&shortest=1&layer=mapnik
Таганско-Краснопресненская линия, Таганско-Краснопресненская линия, Кузьминки, Рязанский проспект, 185, http://metro.yandex.ru/moscow?from=123&to=124&route=0, 2.802921, http://www.yournavigation.org/?flat=55.705417flon=37.765902&tlat=55.717366&tlon=37.793606&v=foot&shortest=1&layer=mapnik
Таганско-Краснопресненская линия, Таганско-Краснопресненская линия, Рязанский проспект, Выхино, 170, http://metro.yandex.ru/moscow?from=124&to=125&route=0, 1.888958, http://www.yournavigation.org/?flat=55.717366flon=37.793606&tlat=55.715682&tlon=37.817969&v=foot&shortest=1&layer=mapnik
Таганско-Краснопресненская линия, Таганско-Краснопресненская линия, Выхино, Лермонтовский проспект, 240, http://metro.yandex.ru/moscow?from=125&to=189&route=0, 3.204805, http://www.yournavigation.org/?flat=55.715682flon=37.817969&tlat=55.69951&tlon=37.8526&v=foot&shortest=1&layer=mapnik
Калининская линия, Калининская линия, Новогиреево, Перово, 150, http://metro.yandex.ru/moscow?from=126&to=127&route=0, 2.035573, http://www.yournavigation.org/?flat=55.751675flon=37.817295&tlat=55.751320&tlon=37.786887&v=foot&shortest=1&layer=mapnik
Калининская линия, Калининская линия, Новокосино, Новогиреево, 200, http://metro.yandex.ru/moscow?from=186&to=126&route=0, 3.739069, http://www.yournavigation.org/?flat=55.745113flon=37.864052&tlat=55.751675&tlon=37.817295&v=foot&shortest=1&layer=mapnik
Калининская линия, Калининская линия, Перово, Шоссе Энтузиастов, 195, http://metro.yandex.ru/moscow?from=127&to=128&route=0, 3.412602, http://www.yournavigation.org/?flat=55.751320flon=37.786887&tlat=55.758255&tlon=37.751583&v=foot&shortest=1&layer=mapnik
Калининская линия, Калининская линия, Шоссе Энтузиастов, Авиамоторная, 150, http://metro.yandex.ru/moscow?from=128&to=129&route=0, 2.594405, http://www.yournavigation.org/?flat=55.758255flon=37.751583&tlat=55.751432&tlon=37.716621&v=foot&shortest=1&layer=mapnik
Калининская линия, Калининская линия, Авиамоторная, Площадь Ильича, 180, http://metro.yandex.ru/moscow?from=129&to=130&route=0, 2.537527, http://www.yournavigation.org/?flat=55.751432flon=37.716621&tlat=55.747024&tlon=37.680589&v=foot&shortest=1&layer=mapnik
Калининская линия, Калининская линия, Площадь Ильича, Марксистская, 175, http://metro.yandex.ru/moscow?from=130&to=131&route=0, 1.98575, http://www.yournavigation.org/?flat=55.747024flon=37.680589&tlat=55.740993&tlon=37.656802&v=foot&shortest=1&layer=mapnik
Калининская линия, Люблинская линия, Площадь Ильича, Римская, 180, http://metro.yandex.ru/moscow?from=130&to=161&route=0, 0.123131, http://www.yournavigation.org/?flat=55.747024flon=37.680589&tlat=55.746228&tlon=37.681254&v=foot&shortest=1&layer=mapnik
Калининская линия, Калининская линия, Марксистская, Третьяковская, 160, http://metro.yandex.ru/moscow?from=131&to=132&route=0, 3.160123, http://www.yournavigation.org/?flat=55.740993flon=37.656802&tlat=55.740319&tlon=37.625981&v=foot&shortest=1&layer=mapnik
Серпуховско-Тимирязевская линия, Серпуховско-Тимирязевская линия, Алтуфьево, Бибирево, 150, http://metro.yandex.ru/moscow?from=133&to=134&route=0, 2.224006, http://www.yournavigation.org/?flat=55.898376flon=37.587344&tlat=55.883868&tlon=37.603011&v=foot&shortest=1&layer=mapnik
Серпуховско-Тимирязевская линия, Серпуховско-Тимирязевская линия, Бибирево, Отрадное, 195, http://metro.yandex.ru/moscow?from=134&to=135&route=0, 2.935481, http://www.yournavigation.org/?flat=55.883868flon=37.603011&tlat=55.863384&tlon=37.604843&v=foot&shortest=1&layer=mapnik
Серпуховско-Тимирязевская линия, Серпуховско-Тимирязевская линия, Отрадное, Владыкино, 165, http://metro.yandex.ru/moscow?from=135&to=136&route=0, 2.666173, http://www.yournavigation.org/?flat=55.863384flon=37.604843&tlat=55.847922&tlon=37.590282&v=foot&shortest=1&layer=mapnik
Серпуховско-Тимирязевская линия, Серпуховско-Тимирязевская линия, Владыкино, Петровско-Разумовская, 145, http://metro.yandex.ru/moscow?from=136&to=137&route=0, 2.57554, http://www.yournavigation.org/?flat=55.847922flon=37.590282&tlat=55.836524&tlon=37.575558&v=foot&shortest=1&layer=mapnik
Серпуховско-Тимирязевская линия, Серпуховско-Тимирязевская линия, Петровско-Разумовская, Тимирязевская, 195, http://metro.yandex.ru/moscow?from=137&to=138&route=0, 2.576164, http://www.yournavigation.org/?flat=55.836524flon=37.575558&tlat=55.819019&tlon=37.579151&v=foot&shortest=1&layer=mapnik
Серпуховско-Тимирязевская линия, Серпуховско-Тимирязевская линия, Тимирязевская, Дмитровская, 100, http://metro.yandex.ru/moscow?from=138&to=139&route=0, 1.644417, http://www.yournavigation.org/?flat=55.819019flon=37.579151&tlat=55.807881&tlon=37.580831&v=foot&shortest=1&layer=mapnik
Серпуховско-Тимирязевская линия, Серпуховско-Тимирязевская линия, Дмитровская, Савёловская, 115, http://metro.yandex.ru/moscow?from=139&to=140&route=0, 1.91544, http://www.yournavigation.org/?flat=55.807881flon=37.580831&tlat=55.793313&tlon=37.588296&v=foot&shortest=1&layer=mapnik
Серпуховско-Тимирязевская линия, Серпуховско-Тимирязевская линия, Савёловская, Менделеевская, 115, http://metro.yandex.ru/moscow?from=140&to=141&route=0, 1.57261, http://www.yournavigation.org/?flat=55.793313flon=37.588296&tlat=55.781788&tlon=37.598735&v=foot&shortest=1&layer=mapnik
Серпуховско-Тимирязевская линия, Серпуховско-Тимирязевская линия, Менделеевская, Цветной бульвар, 155, http://metro.yandex.ru/moscow?from=141&to=142&route=0, 2.368298, http://www.yournavigation.org/?flat=55.781788flon=37.598735&tlat=55.771616&tlon=37.620986&v=foot&shortest=1&layer=mapnik
Серпуховско-Тимирязевская линия, Серпуховско-Тимирязевская линия, Цветной бульвар, Чеховская, 100, http://metro.yandex.ru/moscow?from=142&to=143&route=0, 1.379571, http://www.yournavigation.org/?flat=55.771616flon=37.620986&tlat=55.765843&tlon=37.608167&v=foot&shortest=1&layer=mapnik
Серпуховско-Тимирязевская линия, Люблинская линия, Цветной бульвар, Трубная, 180, http://metro.yandex.ru/moscow?from=142&to=158&route=0, 0.470108, http://www.yournavigation.org/?flat=55.771616flon=37.620986&tlat=55.767939&tlon=37.621902&v=foot&shortest=1&layer=mapnik
Серпуховско-Тимирязевская линия, Серпуховско-Тимирязевская линия, Чеховская, Боровицкая, 150, http://metro.yandex.ru/moscow?from=143&to=144&route=0, 2.129042, http://www.yournavigation.org/?flat=55.765843flon=37.608167&tlat=55.750454&tlon=37.609254&v=foot&shortest=1&layer=mapnik
Серпуховско-Тимирязевская линия, Серпуховско-Тимирязевская линия, Боровицкая, Полянка, 140, http://metro.yandex.ru/moscow?from=144&to=145&route=0, 2.133041, http://www.yournavigation.org/?flat=55.750454flon=37.609254&tlat=55.736807&tlon=37.618471&v=foot&shortest=1&layer=mapnik
Серпуховско-Тимирязевская линия, Серпуховско-Тимирязевская линия, Полянка, Серпуховская, 115, http://metro.yandex.ru/moscow?from=145&to=146&route=0, 1.823436, http://www.yournavigation.org/?flat=55.736807flon=37.618471&tlat=55.726680&tlon=37.625199&v=foot&shortest=1&layer=mapnik
Серпуховско-Тимирязевская линия, Серпуховско-Тимирязевская линия, Серпуховская, Тульская, 205, http://metro.yandex.ru/moscow?from=146&to=147&route=0, 2.281248, http://www.yournavigation.org/?flat=55.726680flon=37.625199&tlat=55.708841&tlon=37.622612&v=foot&shortest=1&layer=mapnik
Серпуховско-Тимирязевская линия, Серпуховско-Тимирязевская линия, Тульская, Нагатинская, 225, http://metro.yandex.ru/moscow?from=147&to=148&route=0, 2.931223, http://www.yournavigation.org/?flat=55.708841flon=37.622612&tlat=55.683676&tlon=37.623061&v=foot&shortest=1&layer=mapnik
Серпуховско-Тимирязевская линия, Серпуховско-Тимирязевская линия, Нагатинская, Нагорная, 120, http://metro.yandex.ru/moscow?from=148&to=149&route=0, 2.373766, http://www.yournavigation.org/?flat=55.683676flon=37.623061&tlat=55.672854&tlon=37.610745&v=foot&shortest=1&layer=mapnik
Серпуховско-Тимирязевская линия, Серпуховско-Тимирязевская линия, Нагорная, Нахимовский проспект, 100, http://metro.yandex.ru/moscow?from=149&to=150&route=0, 1.587315, http://www.yournavigation.org/?flat=55.672854flon=37.610745&tlat=55.662379&tlon=37.605274&v=foot&shortest=1&layer=mapnik
Серпуховско-Тимирязевская линия, Серпуховско-Тимирязевская линия, Нахимовский проспект, Севастопольская, 110, http://metro.yandex.ru/moscow?from=150&to=151&route=0, 1.529929, http://www.yournavigation.org/?flat=55.662379flon=37.605274&tlat=55.651552&tlon=37.598384&v=foot&shortest=1&layer=mapnik
Серпуховско-Тимирязевская линия, Серпуховско-Тимирязевская линия, Севастопольская, Чертановская, 125, http://metro.yandex.ru/moscow?from=151&to=152&route=0, 1.831837, http://www.yournavigation.org/?flat=55.651552flon=37.598384&tlat=55.640538&tlon=37.606065&v=foot&shortest=1&layer=mapnik
Серпуховско-Тимирязевская линия, Каховская линия, Севастопольская, Каховская, 120, http://metro.yandex.ru/moscow?from=151&to=172&route=0, 0.347379, http://www.yournavigation.org/?flat=55.651552flon=37.598384&tlat=55.653177&tlon=37.598232&v=foot&shortest=1&layer=mapnik
Серпуховско-Тимирязевская линия, Серпуховско-Тимирязевская линия, Чертановская, Южная, 190, http://metro.yandex.ru/moscow?from=152&to=153&route=0, 2.299557, http://www.yournavigation.org/?flat=55.640538flon=37.606065&tlat=55.622436&tlon=37.609047&v=foot&shortest=1&layer=mapnik
Серпуховско-Тимирязевская линия, Серпуховско-Тимирязевская линия, Южная, Пражская, 110, http://metro.yandex.ru/moscow?from=153&to=154&route=0, 1.29083, http://www.yournavigation.org/?flat=55.622436flon=37.609047&tlat=55.611577&tlon=37.603972&v=foot&shortest=1&layer=mapnik
Серпуховско-Тимирязевская линия, Серпуховско-Тимирязевская линия, Пражская, Улица Академика Янгеля, 150, http://metro.yandex.ru/moscow?from=154&to=155&route=0, 2.327583, http://www.yournavigation.org/?flat=55.611577flon=37.603972&tlat=55.595883&tlon=37.600675&v=foot&shortest=1&layer=mapnik
Серпуховско-Тимирязевская линия, Серпуховско-Тимирязевская линия, Улица Академика Янгеля, Аннино, 115, http://metro.yandex.ru/moscow?from=155&to=156&route=0, 1.650232, http://www.yournavigation.org/?flat=55.595883flon=37.600675&tlat=55.583657&tlon=37.596812&v=foot&shortest=1&layer=mapnik
Серпуховско-Тимирязевская линия, Серпуховско-Тимирязевская линия, Аннино, Бульвар Дмитрия Донского, 160, http://metro.yandex.ru/moscow?from=156&to=157&route=0, 2.728787, http://www.yournavigation.org/?flat=55.583657flon=37.596812&tlat=55.569667&tlon=37.577346&v=foot&shortest=1&layer=mapnik
Серпуховско-Тимирязевская линия, Бутовская линия, Бульвар Дмитрия Донского, Улица Старокачаловская, 120, http://metro.yandex.ru/moscow?from=157&to=173&route=0, 0.128616, http://www.yournavigation.org/?flat=55.569667flon=37.577346&tlat=55.568838&tlon=37.576708&v=foot&shortest=1&layer=mapnik
Люблинская линия, Люблинская линия, Трубная, Сретенский бульвар, 160, http://metro.yandex.ru/moscow?from=158&to=159&route=0, 1.144502, http://www.yournavigation.org/?flat=55.767939flon=37.621902&tlat=55.766299&tlon=37.636374&v=foot&shortest=1&layer=mapnik
Люблинская линия, Люблинская линия, Достоевская, Трубная, 150, http://metro.yandex.ru/moscow?from=182&to=158&route=0, 1.73867, http://www.yournavigation.org/?flat=55.781484flon=37.614716&tlat=55.767939&tlon=37.621902&v=foot&shortest=1&layer=mapnik
Люблинская линия, Люблинская линия, Сретенский бульвар, Чкаловская, 160, http://metro.yandex.ru/moscow?from=159&to=160&route=0, 2.544688, http://www.yournavigation.org/?flat=55.766299flon=37.636374&tlat=55.755930&tlon=37.659263&v=foot&shortest=1&layer=mapnik
Люблинская линия, Люблинская линия, Чкаловская, Римская, 175, http://metro.yandex.ru/moscow?from=160&to=161&route=0, 2.159799, http://www.yournavigation.org/?flat=55.755930flon=37.659263&tlat=55.746228&tlon=37.681254&v=foot&shortest=1&layer=mapnik
Люблинская линия, Люблинская линия, Римская, Крестьянская застава, 165, http://metro.yandex.ru/moscow?from=161&to=162&route=0, 2.230574, http://www.yournavigation.org/?flat=55.746228flon=37.681254&tlat=55.732464&tlon=37.664788&v=foot&shortest=1&layer=mapnik
Люблинская линия, Люблинская линия, Крестьянская застава, Дубровка, 145, http://metro.yandex.ru/moscow?from=162&to=163&route=0, 2.009752, http://www.yournavigation.org/?flat=55.732464flon=37.664788&tlat=55.718070&tlon=37.676259&v=foot&shortest=1&layer=mapnik
Люблинская линия, Люблинская линия, Дубровка, Кожуховская, 130, http://metro.yandex.ru/moscow?from=163&to=164&route=0, 1.483708, http://www.yournavigation.org/?flat=55.718070flon=37.676259&tlat=55.706320&tlon=37.685710&v=foot&shortest=1&layer=mapnik
Люблинская линия, Люблинская линия, Кожуховская, Печатники, 240, http://metro.yandex.ru/moscow?from=164&to=165&route=0, 5.287229, http://www.yournavigation.org/?flat=55.706320flon=37.685710&tlat=55.692972&tlon=37.728398&v=foot&shortest=1&layer=mapnik
Люблинская линия, Люблинская линия, Печатники, Волжская, 160, http://metro.yandex.ru/moscow?from=165&to=166&route=0, 2.950787, http://www.yournavigation.org/?flat=55.692972flon=37.728398&tlat=55.690446&tlon=37.754314&v=foot&shortest=1&layer=mapnik
Люблинская линия, Люблинская линия, Волжская, Люблино, 170, http://metro.yandex.ru/moscow?from=166&to=167&route=0, 2.539221, http://www.yournavigation.org/?flat=55.690446flon=37.754314&tlat=55.676265&tlon=37.762003&v=foot&shortest=1&layer=mapnik
Люблинская линия, Люблинская линия, Люблино, Братиславская, 185, http://metro.yandex.ru/moscow?from=167&to=168&route=0, 2.433061, http://www.yournavigation.org/?flat=55.676265flon=37.762003&tlat=55.659460&tlon=37.750514&v=foot&shortest=1&layer=mapnik
Люблинская линия, Люблинская линия, Братиславская, Марьино, 140, http://metro.yandex.ru/moscow?from=168&to=169&route=0, 1.662327, http://www.yournavigation.org/?flat=55.659460flon=37.750514&tlat=55.649368&tlon=37.744118&v=foot&shortest=1&layer=mapnik
Люблинская линия, Люблинская линия, Марьино, Борисово, 150, http://metro.yandex.ru/moscow?from=169&to=183&route=0, 2.288946, http://www.yournavigation.org/?flat=55.649368flon=37.744118&tlat=55.633587&tlon=37.743831&v=foot&shortest=1&layer=mapnik
Каховская линия, Каховская линия, Каширская, Варшавская, 175, http://metro.yandex.ru/moscow?from=170&to=171&route=0, 3.089084, http://www.yournavigation.org/?flat=55.654681flon=37.648205&tlat=55.653294&tlon=37.619522&v=foot&shortest=1&layer=mapnik
Каховская линия, Каховская линия, Варшавская, Каховская, 125, http://metro.yandex.ru/moscow?from=171&to=172&route=0, 1.417265, http://www.yournavigation.org/?flat=55.653294flon=37.619522&tlat=55.653177&tlon=37.598232&v=foot&shortest=1&layer=mapnik
Бутовская линия, Бутовская линия, Улица Старокачаловская, Улица Скобелевская, 295, http://metro.yandex.ru/moscow?from=173&to=174&route=0, 3.102766, http://www.yournavigation.org/?flat=55.568838flon=37.576708&tlat=55.548034&tlon=37.554618&v=foot&shortest=1&layer=mapnik
Бутовская линия, Бутовская линия, Лесопарковая, Улица Старокачаловская, 180, http://metro.yandex.ru/moscow?from=192&to=173&route=0, 2.024398, http://www.yournavigation.org/?flat=55.58162flon=37.57804&tlat=55.568838&tlon=37.576708&v=foot&shortest=1&layer=mapnik
Бутовская линия, Бутовская линия, Улица Скобелевская, Бульвар Адмирала Ушакова, 80, http://metro.yandex.ru/moscow?from=174&to=175&route=0, 0.97006, http://www.yournavigation.org/?flat=55.548034flon=37.554618&tlat=55.545207&tlon=37.542329&v=foot&shortest=1&layer=mapnik
Бутовская линия, Бутовская линия, Бульвар Адмирала Ушакова, Улица Горчакова, 105, http://metro.yandex.ru/moscow?from=175&to=176&route=0, 1.250261, http://www.yournavigation.org/?flat=55.545207flon=37.542329&tlat=55.541825&tlon=37.531226&v=foot&shortest=1&layer=mapnik
Бутовская линия, Бутовская линия, Улица Горчакова, Бунинская Аллея, 115, http://metro.yandex.ru/moscow?from=176&to=177&route=0, 1.073322, http://www.yournavigation.org/?flat=55.541825flon=37.531226&tlat=55.537964&tlon=37.515919&v=foot&shortest=1&layer=mapnik
Арбатско-Покровская линия, Арбатско-Покровская линия, Мякинино, Волоколамская, 180, http://metro.yandex.ru/moscow?from=178&to=179&route=0, 13.916378, http://www.yournavigation.org/?flat=55.823990flon=37.384747&tlat=55.835508&tlon=37.382034&v=foot&shortest=1&layer=mapnik
Арбатско-Покровская линия, Арбатско-Покровская линия, Волоколамская, Митино, 170, http://metro.yandex.ru/moscow?from=179&to=180&route=0, 2.263227, http://www.yournavigation.org/?flat=55.835508flon=37.382034&tlat=55.846098&tlon=37.361220&v=foot&shortest=1&layer=mapnik
Арбатско-Покровская линия, Арбатско-Покровская линия, Митино, Пятницкое шоссе, 120, http://metro.yandex.ru/moscow?from=180&to=188&route=0, 1.40574, http://www.yournavigation.org/?flat=55.846098flon=37.361220&tlat=55.855644&tlon=37.354025&v=foot&shortest=1&layer=mapnik
Люблинская линия, Люблинская линия, Марьина Роща, Достоевская, 150, http://metro.yandex.ru/moscow?from=181&to=182&route=0, 1.649719, http://www.yournavigation.org/?flat=55.793723flon=37.616180&tlat=55.781484&tlon=37.614716&v=foot&shortest=1&layer=mapnik
Люблинская линия, Люблинская линия, Борисово, Шипиловская, 130, http://metro.yandex.ru/moscow?from=183&to=184&route=0, 1.989475, http://www.yournavigation.org/?flat=55.633587flon=37.743831&tlat=55.620982&tlon=37.743723&v=foot&shortest=1&layer=mapnik
Люблинская линия, Люблинская линия, Шипиловская, Зябликово, 110, http://metro.yandex.ru/moscow?from=184&to=185&route=0, 1.146696, http://www.yournavigation.org/?flat=55.620982flon=37.743723&tlat=55.612329&tlon=37.745205&v=foot&shortest=1&layer=mapnik
Таганско-Краснопресненская линия, Таганско-Краснопресненская линия, Лермонтовский проспект, Жулебино, 170, http://metro.yandex.ru/moscow?from=189&to=190&route=0, 2.111864, http://www.yournavigation.org/?flat=55.69951flon=37.8526&tlat=55.68456&tlon=37.85416&v=foot&shortest=1&layer=mapnik
Бутовская линия, Бутовская линия, Битцевский парк, Лесопарковая, 180, http://metro.yandex.ru/moscow?from=191&to=192&route=0, 3.512478, http://www.yournavigation.org/?flat=55.60029flon=37.55562&tlat=55.58162&tlon=37.57804&v=foot&shortest=1&layer=mapnik
Калининская линия, Калининская линия, Деловой центр, Парк Победы, 460, http://metro.yandex.ru/moscow?from=193&to=194&route=0, 3.065805, http://www.yournavigation.org/?flat=55.74927flon=37.54013&tlat=55.73714&tlon=37.51994&v=foot&shortest=1&layer=mapnik
